Title,Job Link,Employer,Location,Company ID,Job ID,Posted at
Ruby on Rails Delevoper,/pagead/clk?mo=r&ad=-6NYlbfkN0DCLTd2AAGSnjEXrdHF8h94Xu-8iRzdUWbkNiSvEgoqzlyfezhBbro75-olFyQG4oxlA6WeoWJ2Oyeu-KgI2VLS83LhMzAruPlgGKeRyWk5EQUgD7iwXSxffXHrgFUYcL58uySqrt5PPAkSdT7KxGcU1-IqUqv50yFYrN3icQrfIzKQB26Y8Vx2NaM633NJcHk_pkIifXVA-g6JflcNQvP-5ZsMgEnQ_6UMtifhMc1DiwG8DsEYETwfeOaaKIpEzs5MLgfH8FkGTTxgQXleLmGK3CslISGxABfSL8nN_y4wC2wENFqlhzqZnnKFqK7ZqdB2jlhLPSwGA3Eo4umn2WadURY0TlNPl7BRGIf2G-OB17zmKrdugIyvMmKNAaITYipgPk5vpIF3ooX54-Dheie6gj7HqtXqp5uZlZ5V8-ooOg==&p=1&sk=&fvj=1,MMB Strategy,"Dallas, TX",,pj_0e4b6b2806e8995d,Before 2016-10-17
Software Developer - Ruby on Rails,/pagead/clk?mo=r&ad=-6NYlbfkN0A82TEJaYwga0RCmDTtOUsWml65VYNnhe6pm-4h-Q-IVqy0YulysbTMk8XAAnGcSII22Ox85tiKvF6s-nfCRpB_hQfHPrukNjtr4koWRJd5ZcMeQ3JXER95BK8wEMfcogj7J9jSWuWmE1vLz5XXTLJundFSqcukFeXIo2tbId86BVZAPyt73ixjpzUzzWmDFvWUzyPICRwpZDxMCD1cIBC4DZFIlQDs5VGwmz4jHZlNa5ITtMvsNr_Y_FANyiQG1kY7mbjZCZRr-zKXNakv-Shz7mhn4C2qehHkmaMtqog0JxSiSj3nT5nfmwhzJV6-EjSYGc8RMewi9MEjOzeycyM8kUw5lPYd9-uxty92o6DrH1a4dBEZowCGsZJGr6r2fpsJMM_3-qCk1S_TOFy1h3TVSBX0WGwZKQUWYafPAKSJXnOtkcKbIYHe&p=2&sk=&fvj=1,"Modo Labs, Inc.","Cambridge, MA",,pj_b3f1bfe499e23f5c,Before 2016-10-17
Rails Developer,/pagead/clk?mo=r&ad=-6NYlbfkN0BCy8aNILKvtNN4UCoeTBlDRzswgNVkr5q8slqhEa92ob-2CH6QOLl2mTJAolRKNwtIxfdSqzoNFhfhdR0i6XkFZv4yrZ-hXj-NoxQHqpmrwhtbfS2OUr_qFX-Icmz82bkMRT9BLSLVh0lPymbmOG1z0fY2tvMPx7WZ0-tdKUbu4QEzBixlcucOk8TIRa8J4ty5vBqZgj2kTJuITBCQv63JmaLn-nd-vHhhE0ZFPhwIKm4V0hbss3Vlqi1oB5Vv92HjNT8nDOFIvIEsQRBT_muX5Z9_1sxvS6hrAnxT5Lp1RA0ggjSG5BNBGGVDHn2_F8Z60ASlRQa7uUsD5uuxkxc5mLLQyTbsldqtJIJ2yS7QJuqplbPgzkhHLPFCjprbz4Cn9-VWK5UHWZw2x3kLF81b9taelwOvF4U=&p=3&sk=&fvj=1,Lake Holdings LLC,"Asheville, NC",,pj_6baa24b1d8129427,2016-11-12 14:12:46 -0500
Full Stack Ruby on Rails Developer,/cmp/Dreamable/jobs/Full-Stack-Ruby-Rail-Developer-46375dd4364e2282?r=1&fccid=458746514420e35d,Dreamable,"San Francisco, CA 94133 (Russian Hill area)",,p_46375dd4364e2282,2016-11-15 19:12:46 -0500
Ruby on Rails Full Stack Developer,/rc/clk?jk=c44992f240333500&fccid=8868c0431e904907,Octiv,"Indianapolis, IN",,p_c44992f240333500,2016-11-15 14:12:46 -0500
Ruby Developer,/rc/clk?jk=0dd856c6bc3dfd87&fccid=9c40afbe5c7f3e78,Moove-it,"Austin, TX",,p_0dd856c6bc3dfd87,2016-11-16 06:12:46 -0500
Rails Developer,/cmp/Developers-Holding-Corp/jobs/Rail-Developer-6baa24b1d8129427?r=1&fccid=fb1568dd958bcb3b,Lake Holdings LLC,"Asheville, NC",,p_6baa24b1d8129427,2016-11-12 14:12:46 -0500
Rails Developer,/cmp/Sassafras-Tech-Collective/jobs/Rail-Developer-7acf770fc8ee9ee5?r=1&fccid=9d19fb1cc4e29b5c,Sassafras Tech Collective,"Ann Arbor, MI",,p_7acf770fc8ee9ee5,2016-11-10 14:12:46 -0500
Ruby on Rails Developer (Remote),/rc/clk?jk=5eb64535609aaa07&fccid=ed77193984fc255e,TaxJar,Remote,,p_5eb64535609aaa07,2016-11-15 22:12:46 -0500
Ruby Software Developer,/rc/clk?jk=b3ed99e914c8be64&fccid=05e939b5a0f17a87,Ankura Consulting Group,"Washington, DC 20036 (Downtown area)",,p_b3ed99e914c8be64,2016-11-11 14:12:46 -0500
Software Developer,/cmp/arakyta/jobs/Software-Developer-54d84cf89d67cb0a?r=1&fccid=d27a87becd31c1af,Arakyta,"Toledo, OH 43604 (City Center area)",,p_54d84cf89d67cb0a,2016-11-09 14:12:46 -0500
Software Developer (Ruby),/rc/clk?jk=14eb26e620d47262&fccid=d5be77b99af0f932,"Eligo Energy, LLC","Chicago, IL",,p_14eb26e620d47262,2016-11-11 14:12:46 -0500
Full Stack Developer,/rc/clk?jk=2d61d17d02dd258d&fccid=45537c1c97e7a9c5,Roadtrippers,"Cincinnati, OH 45202 (Mount Adams area)",,p_2d61d17d02dd258d,2016-11-15 14:12:46 -0500
"Software Integration Engineer (Frederick, MD)",/pagead/clk?mo=r&ad=-6NYlbfkN0DupVhKZItSeiD6ZbwORhrCqmIOy1twJm_MTE5ga-V6eUKUtC8DpNOeov5OIe8kh4-Y6qILpz0INzvYi28Bk8wEIMdn_jahwfE2PeTFkgNcjq-GZe2p3H3HR1pGSyDeVNlrcoNM2b-nVkq1yncAn3nUUnwPLXU5ra0IaS8SSRoRWOFBVs4b39rwp_-HPekOltWqO9vjEXdVoYOvu7M0IXndz6LlcBT08VC8a6VP_ykq67Z70qUGXJVeR4TEF3FqB-vCYJX5DkG6yabE_mkcmnJpnbo7qc9sypFQw-rOG9lsk-x6zQ5rn9oaF7xEN_atP312lAK2-cIWH4T4Dc5zlA02zm0-7KhYUasX25cQ2qWV3Z3jmPdyeUDNJNEif0BLGndLKzSY5sfI9noVa-dt4s9Gs2NrVpfRQPhbNiYDCc5mYarz8Jj4UJGJmpnSiP69XckYktu0DSlqsA==&p=4&sk=&fvj=1,"RURO, Inc.","Frederick, MD 21704",,pj_b31cece38d0338c2,2016-10-19 15:12:46 -0400
Ruby on Rails Developer,/pagead/clk?mo=r&ad=-6NYlbfkN0Aa15YP3yBRS96NDLoQYJ1yzC6-jlQYR346e6uvmPM1qXum8x26cAOBvsb4rekWDkkgMon2HI65liihNqHDJgcdh6u9IzU123qAaAQUnezoS-iSBQWucIHreX-oxfhBuTdaawFLxxuaPRbsfx_64EnDKjUV8qBWz7zusCWZ9LvHXHXpyYZsctE3-r8nEVlds-Z1qMadGNG6CDF5zFn1eqVYyF9cXA3IwO0ixLedpo12ShJTbdIfYOGGujl-51NYstceRWHfx_pfRwLssV2FKzzDvZIxRklAiysBlf3qmHUg838whugOAf9pCmWJ29fPdSrcwNb8vIai2mhmImq5Z8wnv2lSZbkJQKhPaB5cvqNofNy6y_XlQfd3gYH6WkUy49MCC7fcpwQ2UDO2dEm1DGrpSwMuNLwzgMMH7leNyEsE6w==&p=5&sk=&fvj=1,RTS Labs,"Richmond, VA",,pj_d95fb4467b038fae,Before 2016-10-17
Web Developer,"https://www.dice.com/jobs/detail/Web-Developer-Robert-Half-Technology-Cincinnati-OH-45201/rhalfint/03320-9500251163?icid=sr1-1p&q=rails&l=Hamilton, OH",Robert Half Technology,"Cincinnati, OH",rhalfint,03320-9500251163,2016-11-16 11:12:45 -0500
Full Stack Java Engineer,"https://www.dice.com/jobs/detail/Full-Stack-Java-Engineer-Principle-Solutions-Group-Cincinnati-OH-45242/10124296/755765?icid=sr2-1p&q=rails&l=Hamilton, OH",Principle Solutions Group,"Cincinnati, OH",10124296,755765,2016-10-26 15:12:45 -0400
Java Developer,"https://www.dice.com/jobs/detail/Java-Developer-Novus-Global-Solutions-Cincinnati-OH-45242/10305029a/615902?icid=sr3-1p&q=rails&l=Hamilton, OH",Novus Global Solutions,"Cincinnati, OH",10305029a,615902,2016-11-16 09:12:45 -0500
Software Engineer,"https://www.dice.com/jobs/detail/Software-Engineer-Robert-Half-Technology-Cincinnati-OH-45202/rhalfint/03320-0008876732?icid=sr4-1p&q=rails&l=Hamilton, OH",Robert Half Technology,"Cincinnati, OH",rhalfint,03320-0008876732,2016-11-16 11:12:45 -0500
Title,Job Link,Employer,Location,Company ID,Job ID,Posted at
Web Developer,"https://www.dice.com/jobs/detail/Web-Developer-Robert-Half-Technology-Cincinnati-OH-45201/rhalfint/03320-9500251163?icid=sr1-1p&q=rails&l=Hamilton, OH",Robert Half Technology,"Cincinnati, OH",rhalfint,03320-9500251163,2016-11-16 11:12:47 -0500
Full Stack Java Engineer,"https://www.dice.com/jobs/detail/Full-Stack-Java-Engineer-Principle-Solutions-Group-Cincinnati-OH-45242/10124296/755765?icid=sr2-1p&q=rails&l=Hamilton, OH",Principle Solutions Group,"Cincinnati, OH",10124296,755765,2016-10-26 15:12:47 -0400
Java Developer,"https://www.dice.com/jobs/detail/Java-Developer-Novus-Global-Solutions-Cincinnati-OH-45242/10305029a/615902?icid=sr3-1p&q=rails&l=Hamilton, OH",Novus Global Solutions,"Cincinnati, OH",10305029a,615902,2016-11-16 09:12:47 -0500
Software Engineer,"https://www.dice.com/jobs/detail/Software-Engineer-Robert-Half-Technology-Cincinnati-OH-45202/rhalfint/03320-0008876732?icid=sr4-1p&q=rails&l=Hamilton, OH",Robert Half Technology,"Cincinnati, OH",rhalfint,03320-0008876732,2016-11-16 11:12:47 -0500
Title,Job Link,Employer,Location,Company ID,Job ID,Posted at
Ruby on Rails Delevoper,/pagead/clk?mo=r&ad=-6NYlbfkN0DCLTd2AAGSnjEXrdHF8h94Xu-8iRzdUWbkNiSvEgoqzlyfezhBbro75-olFyQG4oxlA6WeoWJ2Oyeu-KgI2VLS83LhMzAruPlgGKeRyWk5EQUgD7iwXSxffXHrgFUYcL58uySqrt5PPAkSdT7KxGcUVveHOXw8-ug0xbaRalH1GyDKcL2S2q5hnYi_q3amvdpf51sVN000ExszG5F-WJi8TI-_HlMXf8zDU1pAYr6NoaP-c4d6prVuTZAh35IQxHD-w8K4cp2S9iLnMNbvlkOomrYhdX0XU8fWdRf59_8W1eIlxxK1G0Lq7uA-Saej7ToOKY60WPgFBpiYctXc3gQx48YBnB9W7f1YA-En80cTJXPOdAxwSWmjYXVmDcwL31WZXVBcA_nh9Cs6TmmyDr4LYWz__ZFwA3bKBMQBoszImw==&p=1&sk=&fvj=1,MMB Strategy,"Dallas, TX",,pj_0e4b6b2806e8995d,Before 2016-10-17
Software Developer - Ruby on Rails,/pagead/clk?mo=r&ad=-6NYlbfkN0A82TEJaYwga0RCmDTtOUsWml65VYNnhe6pm-4h-Q-IVqy0YulysbTMk8XAAnGcSII22Ox85tiKvF6s-nfCRpB_hQfHPrukNjtr4koWRJd5ZcMeQ3JXER95BK8wEMfcogj7J9jSWuWmE1vLz5XXTLJuUdvd8dFmQ3txGn7W_Rwmb62M76VJD7g2srQO4mQnpeiiqyL851-o1u8VBIwdoNgR5rPX2lNqNW1h1lE9hlK3U-DUdbVR5aHvJ4hTp55FT3O7vgP2SfZdL3HEcGCtlhksorGORxX1GeaSDfOFdC1LOs9EKa0Y3BTymXAJFrkJJLzSHvUZ0Ut3ZqatXsBv-TNBY2HekL1j8EYgiI22ZaOFFbMgpUxKy4RDX3ZSnq9eYCA9Fc53TIxZBlXKskE3X2ygNbAoFaLy6GlWPhmihSynNEg8BHESGn7p&p=2&sk=&fvj=1,"Modo Labs, Inc.","Cambridge, MA",,pj_b3f1bfe499e23f5c,Before 2016-10-17
Rails Developer,/pagead/clk?mo=r&ad=-6NYlbfkN0BCy8aNILKvtNN4UCoeTBlDRzswgNVkr5q8slqhEa92ob-2CH6QOLl2mTJAolRKNwtIxfdSqzoNFhfhdR0i6XkFZv4yrZ-hXj-NoxQHqpmrwhtbfS2OUr_qFX-Icmz82bkMRT9BLSLVh0lPymbmOG1zocVj-_xvj-nW7X8pj6F_M5yh2bK7Nah5YwOivr0ChyfUNh3-NVVCYpLNGwhwnLk0s1zN3pzfYEjtWt1Ag5z55SDZzRPcdbIf29mTDo6Otg2Fg5iKTOGCcEENC4FKLXiHi0Eb1YUJwMfjYBqCRdM_NGELiBu_JU5-KIW4_sgRfJkooG_-WoJ5C1iK8otTLLgwJfHSbmCFYXUiXpgLIUrYT2Ai8Wzkd9A8vxsg2kD6jegQrlRejLdAd_L7fXv0iwW9lfaH5-YD6iE=&p=3&sk=&fvj=1,Lake Holdings LLC,"Asheville, NC",,pj_6baa24b1d8129427,2016-11-12 14:12:47 -0500
Full Stack Ruby on Rails Developer,/company/Dreamable/jobs/Full-Stack-Ruby-Rail-Developer-46375dd4364e2282?r=1&fccid=458746514420e35d,Dreamable,"San Francisco, CA 94133 (Russian Hill area)",,p_46375dd4364e2282,2016-11-15 19:12:47 -0500
Ruby on Rails Full Stack Developer,/rc/clk?jk=c44992f240333500&fccid=8868c0431e904907,Octiv,"Indianapolis, IN",,p_c44992f240333500,2016-11-15 14:12:47 -0500
Ruby Developer,/rc/clk?jk=0dd856c6bc3dfd87&fccid=9c40afbe5c7f3e78,Moove-it,"Austin, TX",,p_0dd856c6bc3dfd87,2016-11-16 06:12:47 -0500
Rails Developer,/company/Developers-Holding-Corp/jobs/Rail-Developer-6baa24b1d8129427?r=1&fccid=fb1568dd958bcb3b,Lake Holdings LLC,"Asheville, NC",,p_6baa24b1d8129427,2016-11-12 14:12:47 -0500
Rails Developer,/company/Sassafras-Tech-Collective/jobs/Rail-Developer-7acf770fc8ee9ee5?r=1&fccid=9d19fb1cc4e29b5c,Sassafras Tech Collective,"Ann Arbor, MI",,p_7acf770fc8ee9ee5,2016-11-10 14:12:47 -0500
Ruby on Rails Developer (Remote),/rc/clk?jk=5eb64535609aaa07&fccid=ed77193984fc255e,TaxJar,Remote,,p_5eb64535609aaa07,2016-11-15 22:12:47 -0500
Ruby Software Developer,/rc/clk?jk=b3ed99e914c8be64&fccid=05e939b5a0f17a87,Ankura Consulting Group,"Washington, DC 20036 (Downtown area)",,p_b3ed99e914c8be64,2016-11-11 14:12:47 -0500
Software Developer,/company/arakyta/jobs/Software-Developer-54d84cf89d67cb0a?r=1&fccid=d27a87becd31c1af,Arakyta,"Toledo, OH 43604 (City Center area)",,p_54d84cf89d67cb0a,2016-11-09 14:12:47 -0500
Software Developer (Ruby),/rc/clk?jk=14eb26e620d47262&fccid=d5be77b99af0f932,"Eligo Energy, LLC","Chicago, IL",,p_14eb26e620d47262,2016-11-11 14:12:47 -0500
Full Stack Developer,/rc/clk?jk=2d61d17d02dd258d&fccid=45537c1c97e7a9c5,Roadtrippers,"Cincinnati, OH 45202 (Mount Adams area)",,p_2d61d17d02dd258d,2016-11-15 14:12:47 -0500
"Software Integration Engineer (Frederick, MD)",/pagead/clk?mo=r&ad=-6NYlbfkN0DupVhKZItSeiD6ZbwORhrCqmIOy1twJm_MTE5ga-V6eUKUtC8DpNOeov5OIe8kh4-Y6qILpz0INzvYi28Bk8wEIMdn_jahwfE2PeTFkgNcjq-GZe2p3H3HR1pGSyDeVNlrcoNM2b-nVkq1yncAn3nUX8RU3E_dadyktRJ_v9PwEnViqr9kjuUsASnnkimBtXRSXlTMez3f5Ej8WjF2outhiYQ4Zak5UD0ZJcL7lmHMjGsnQshB_3xObhrhe0BNTn6WbK6Q11ruBfyC7QSlVQeX76TjFj_O65Q9-Nh3L84q4sdpKDLUk_97tHuDDKM9fMro4ixkUrse2SagR-eQMvG8FyU1URz3PYAbiCnz-EgZVxFHwsFKwB2M9Yd1Zn42b4U0ow47wG4FnH1kkL8_HDtzt9B318b42QGzXB2ze4S0hM2_k-1Rlxv_MaPNWI2_jMTozT5Vtq1mKw==&p=4&sk=&fvj=1,"RURO, Inc.","Frederick, MD 21704",,pj_b31cece38d0338c2,2016-10-19 15:12:47 -0400
Ruby on Rails Developer,/pagead/clk?mo=r&ad=-6NYlbfkN0Aa15YP3yBRS96NDLoQYJ1yzC6-jlQYR346e6uvmPM1qXum8x26cAOBvsb4rekWDkkgMon2HI65liihNqHDJgcdh6u9IzU123qAaAQUnezoS-iSBQWucIHreX-oxfhBuTdaawFLxxuaPRbsfx_64EnDtiHibG2wORhfupjo8AnCl3O427s0Mim4jZCOgcr5zT22_XvYi7J6DDPpZNawW-bUeMle1rJ4dsx6Z5CIpbqaPBnbcIQ_CQX6D7OEHwfK4qFbRVfpYpL51gfcp2f8mM8RN_XXn9jNc8fg4-msMCiM8o3OCIKPbyWGjagNJwCIMQ32dpxuYYLdeyse5SvwoKnADcelq71_tht24xnxDTtGr8XUHMo66ULwUXbQlB4veEVrvDpCdHrBW1rl-nh7hfTgI8gGh35pZpYvJJbt1OTpxA==&p=5&sk=&fvj=1,RTS Labs,"Richmond, VA",,pj_d95fb4467b038fae,Before 2016-10-17
Title,Job Link,Employer,Location,Company ID,Job ID,Posted at
Title,Job Link,Employer,Location,Company ID,Job ID,Posted at
Title,Job Link,Employer,Location,Company ID,Job ID,Posted at
Title,Job Link,Employer,Location,Company ID,Job ID,Posted at
Title,Job Link,Employer,Location,Company ID,Job ID,Posted at
Title,Job Link,Employer,Location,Company ID,Job ID,Posted at
Title,Job Link,Employer,Location,Company ID,Job ID,Posted at
Title,Job Link,Employer,Location,Company ID,Job ID,Posted at
Title,Job Link,Employer,Location,Company ID,Job ID,Posted at
Title,Job Link,Employer,Location,Company ID,Job ID,Posted at
Title,Job Link,Employer,Location,Company ID,Job ID,Posted at
Title,Job Link,Employer,Location,Company ID,Job ID,Posted at
Title,Job Link,Employer,Location,Company ID,Job ID,Posted at
Title,Job Link,Employer,Location,Company ID,Job ID,Posted at
Title,Job Link,Employer,Location,Company ID,Job ID,Posted at
Title,Job Link,Employer,Location,Company ID,Job ID,Posted at
Title,Job Link,Employer,Location,Company ID,Job ID,Posted at
Title,Job Link,Employer,Location,Company ID,Job ID,Posted at
Title,Job Link,Employer,Location,Company ID,Job ID,Posted at
Title,Job Link,Employer,Location,Company ID,Job ID,Posted at
Title,Job Link,Employer,Location,Company ID,Job ID,Posted at
Title,Job Link,Employer,Location,Company ID,Job ID,Posted at
Title,Job Link,Employer,Location,Company ID,Job ID,Posted at
Title,Job Link,Employer,Location,Company ID,Job ID,Posted at
Title,Job Link,Employer,Location,Company ID,Job ID,Posted at
Title,Job Link,Employer,Location,Company ID,Job ID,Posted at
Title,Job Link,Employer,Location,Company ID,Job ID,Posted at
Title,Job Link,Employer,Location,Company ID,Job ID,Posted at
Title,Job Link,Employer,Location,Company ID,Job ID,Posted at
Title,Job Link,Employer,Location,Company ID,Job ID,Posted at
Title,Job Link,Employer,Location,Company ID,Job ID,Posted at
Title,Job Link,Employer,Location,Company ID,Job ID,Posted at
Title,Job Link,Employer,Location,Company ID,Job ID,Posted at
Professor of Full Stack Web Development,/pagead/clk?mo=r&ad=-6NYlbfkN0A-FRRhwACRpP4wMNCDgzCzJkDSqH_8psKppkuOAvJthDMCqC6ANBjxAH-yuA5J33oz1r04GD_s38GAouTaI06MAB-NRQGLIa5Mw0hVv1HWjCMVRLG5GplZHwnl39heqW7etU_6RSQtA3g1FqSKBPFCeDItRgLIOLBETCLp6g-l7vy5FCdqUTXlDb0lSgRvlXjAtaV5bHSwR4B14ACfG6t1G-cYdODJnGnqoJkcRWON9b3U5_a_7wM4gSyL2oO_z0rvTqgJPjw3DVR8Vl1dXrm4bds8Ri88IuIQ8YvVN7SA6Pj7RFSfsOYnpFbWGuN70KcXTllE4KGXBeBJY2DG7dBvax4kjYcl4oSzBSzBpR19KVhOXnIYNRJpqeNZbftE9_HUv-ZrDy8pjM8r_zA4GcwdSYh47hYcPtdb3gcclSAG2fwguYxWtUabrcxK1133YBg=&p=1&sk=&fvj=1,"Array, School of Technology & Design","Cheyenne, WY 82001",,pj_b78c06f95f65b076,2016-10-31 13:39:07 -0600
Web Developer,/pagead/clk?mo=r&ad=-6NYlbfkN0B1sFgxdvIytPQbv1G4AEVwazD9zOn1A_XqBk30b6PmUzW6mftOPNFiIDDx4zsAdN7qvbI1LzHvm3B_iAECnTs3_iTmPmLBDrBiPhgU18-Eu6Ozvz9SLwgdcpWaFwqTO5cYQbEuqNx8OUNf52KRbf5BMceDA3dI2Og9aet8adwWaFNKTC2BXmmDXJDPGs4_avtf1StU1IwQnq6AJJ5ywI3tPbIegVPWx-uaAL4KIeAJdtmR8-FD08UJNxi7G-Ps_kobMglB4khC34h2F8GtqBxHOjF6l1ATusx9-BOp0nGITyT8yT88eQS__bUJCR0AOpl6IKcpIqDzRjmh2V3ZkbT7lwzM8OwL_afxIQ-ci8NFMJt3BSHuOg6EYRoMrDhzs2RciOGW5XrPSiIN5DZeXykZDp_7tW3riOs=&p=2&sk=&fvj=1,JD Mellberg Financial,"Tucson, AZ",,pj_fdff2a0173fc18fe,Before 2016-10-17
Software Engineer 1,/pagead/clk?mo=r&ad=-6NYlbfkN0BmWpKopPe3xzqKQ9e0W5p64FNR45ZqG3m_GMatdVcLUJWgaROCeY4itdYbhCC-8dHuChDtKatK_HkDFTkdmdfPO_la8Id2Pk5Y4-lK8Qx7JKXYePsSSelIP15dhEvhbseTV9ZGT5F4x8Emr8x4s8hPYV-NHX89bcN2yZTB1gcnMraNtVypBD8Pe9yn_l2h5QAcU7bBsQ-uTG13_qj-XttVU5sIN9aa1Wn6iRPTefvB-67MlSmS6wqtLWOl-zkPmNQqpHE0_rT0ZVJeHfX_X9RmJv128okeIhFUvj5oNakap2QJPWiRW6CzNiPPzHY4Kyp85TDbp7gpRfWaudf3zRqVop6h-Q3O2pnGVx9kFXEv5feCDXee2cRXxZSNVM8Q0bVBHIzoCbfC4ItssZHarGpcKiuI7ORTytFJOoiUcxFO4WND0W2acjZxF4igPgGCP0E_GhyKM39dS5D5UpeBxaP4oD9fojul3vQyiBFAQJtdeZFR4ygpMA1nmi9N5L6S1V6p_iI1zoRIJ1Z70AbQ3iHcCBR3CbgQECQ62G5gsHSUDy_Z7m6xXaAms_kmXBzsncVt-KlhHUqhVsX21cIxr3mygSGyfQtT0xgCcOz7Ks0RW2kyxtWja4RV-BvCJFpUFRlF-Jlekq6eil3TRl0TPMoE6kDjdiGRSTlKhV3K8NnJgCE6lvWpR6KBkpjrZXE2eM23oUbepiz1w7R--T_FH1NFinFAx1f2yQOYDbxiCBeQiRh4TbaUKWe_AMMAP0jCHmG0SbbZ-7n9OsWiuta7S4erub3KgrJ-gosjfv0NHWzBQCJRSVddKurMnjmnP3XSAa3YhGzvLZ-jtc1hN2s4hUQT3CRp8id0WfftYXbexdZo6VUq-WwQlyKe7i3QzGamb28=&p=3&sk=&fvj=0,Intuit,"Mountain View, CA 94043",,pj_d57f9d40d46c91e3,2016-11-15 15:39:07 -0700
Programmer/Developer,/rc/clk?jk=a05d972c6c96b887&fccid=fa65a3fcc2b211c1,Royal Caribbean Cruises Ltd.,"Miramar, FL",,p_a05d972c6c96b887,2016-11-16 11:39:07 -0700
Programmer/Developer,/rc/clk?jk=9debfe0f03de4780&fccid=1c64993b4a0499a2,MM Consulting Services,Puerto Rico,,p_9debfe0f03de4780,2016-11-13 12:39:07 -0700
Developer I,/rc/clk?jk=dd2dd286ff3d3a9b&fccid=6a807e36b7f6b249,Fidelis Care,"Buffalo, NY",,p_dd2dd286ff3d3a9b,2016-11-14 12:39:07 -0700
Software Engineer (Games Team),/rc/clk?jk=f25f7999f6146803&fccid=9bf76a288b3fe74d,Wargaming Seattle,"Redmond, WA",,p_f25f7999f6146803,2016-11-12 12:39:07 -0700
Federal - Junior Software Developer,/rc/clk?jk=8fe4e4c17be9e370&fccid=a4e4e2eaf26690c9,Accenture,"Springfield, VA",,p_8fe4e4c17be9e370,2016-11-15 23:39:07 -0700
C++ Software Developers,/cmp/IntellaPro/jobs/C++-Software-Developer-bba91d72606d6bf9?r=1&fccid=e28df75d34198e21,IntellaPro,"Davie, FL",,p_bba91d72606d6bf9,2016-11-08 12:39:07 -0700
Programmer/Developer,/rc/clk?jk=530fb2e49c4a5633&fccid=9cfc5f0326a42828,Green Plains Inc.,"Omaha, NE",,p_530fb2e49c4a5633,2016-11-05 13:39:07 -0600
"JavaScript Developer, Nodejs and Java",/cmp/Harris-Allied/jobs/Javascript-Developer-529debd055e5442a?r=1&fccid=eb2a8dff1a2fc09c,Harris Allied,"New York, NY 10018 (Clinton area)",,p_529debd055e5442a,2016-11-15 12:39:07 -0700
Junior Frontend Software Engineer,/rc/clk?jk=0f92ac91b0bd2cd0&fccid=e67aed602706a718,Trifacta,"San Francisco, CA 94107 (South Of Market area)",,p_0f92ac91b0bd2cd0,2016-11-12 12:39:07 -0700
Software Design Associate,/rc/clk?jk=b82256026e727398&fccid=7077d7e88049c02a,Aetna,"Columbus, GA",,p_b82256026e727398,2016-11-15 12:39:07 -0700
Full Stack Web Developer,/pagead/clk?mo=r&ad=-6NYlbfkN0Dqrr-Rjg2XLksGNbp1zr5zrpCZUmaYUPA5zQ_vrCj_XzdKESDVLdGworSoBcIifUrrbdFieP6_EkVrTAc5YItExJxYZJzEmW45vv46GQePNccUJ6l3_Af4ty2EHE99Ysc0BZTzHrtDWwq029qfHantW-PBFarHFeiKOonwsfXG-nx4JOYAFjQ-IEZ4riDPPlV04ZpLD3kNtNYwzbvrVgcfnPaTWFmN3PUN4Pfe6GFVN7c5tamzSC51BZ_TElMz9okNe1OYGTOqDqGAExw3hFrG7_4KcVEXD8xd-BJmivDdBEagbETL0NOW0iXFXd9KADUqDrUMhQA0FHQhy1JGkp5kQajTVMMesm0Q-CPgy4kE6XIEjFS95nKfPUJWXR9auSpc9EkiTodKqXqt8KtfP7_NDJe7juifO-tu7ytBnES1eGHdLB4jdfyy&p=4&sk=&fvj=1,Matterport,"Sunnyvale, CA",,pj_a4390868aaeb6c8b,2016-10-27 13:39:07 -0600
Software Engineer - .NET,/pagead/clk?mo=r&ad=-6NYlbfkN0Dqrr-Rjg2XLksGNbp1zr5zrpCZUmaYUPA5zQ_vrCj_X5saqWyzuc8Zi3ZZgLTqJqhSGuVLtNatxA1wtxPKyGmyzTC4ynMoFdBdITZphWzwQZKiCVqHGrOmw-Lij96NgMl25eNAiZxCpGntlxgTNgfabKY6uOojNz-qNO9Q_NeRZXC_QoOX4tg8aBgzPCGkjGN35ECCYbMGi_yQC0i3c-DhJz6dwkewKcaU_U6JPr6NNOopx1QpHYAAPidPxahYfNmT_unb1IhR_mHB6l-SG7cvKrtajdc9cc6oJ-zWRw6WMvDJMtKDZkklu8TA0Vu58MGMq4QRazB8YHb6I9XpV4jDMTNjxR2_26wjtU6Vbq33lWxWdCQrQiGFYJlsgt3Tc8_WiYFIDmboLQ2DgewbVyQGtzJf9Njdg4IvaPrjxEdTPQ==&p=5&sk=&fvj=1,Grande Cheese Company,"Fond du Lac, WI 54935",,pj_ceaa0717be6fa069,2016-10-17 13:39:07 -0600
Title,Job Link,Employer,Location,Company ID,Job ID,Posted at
UI Designer - Stable & Growing Startup!,"https://www.dice.com/jobs/detail/UI-Designer-%26%2345-Stable-%26-Growing-Startup%21-CyberCoders-Nibley-UT-84321/cybercod/KE2-132508528?icid=sr1-1p&q=developer&l=Logan, UT",CyberCoders,"Nibley, UT",cybercod,KE2-132508528,2016-11-16 06:39:06 -0700
